payment_id,amount_received,payment_date,status
ORD1074,1718.15,2026-08-11,success
ORD1080,1373.83,2026-08-29,success
ORD1045,4414.45,2026-08-03,success
ORD1028,3775.95,2026-08-19,success
ORD1070,4302.71,2026-08-03,success
ORD1076,359.26,2026-08-17,success
ORD1068,2782.04,2026-08-02,success
ORD1056,2667.95,2026-08-11,success
ORD1052,1278.55,2026-08-11,success
ORD1035,3659.46,2026-08-19,success
ORD1039,4580.61,2026-08-22,success
ORD1034,1406.79,2026-08-18,success
ORD1011,2023.65,2026-08-13,success
ORD1060,2269.05,2026-08-15,success
ORD1037,959.16,2026-08-03,success
ORD1003,3448.16,2026-08-18,success
ORD1046,2532.75,2026-08-05,success
ORD1032,3211.74,2026-08-16,success
ORD1044,4072.52,2026-08-08,success
ORD1016,419.96,2026-08-09,success
ORD1072,4931.54,2026-08-21,success
ORD1048,1472.27,2026-08-21,success
ORD1020,3310.57,2026-08-22,success
ORD1040,3266.96,2026-08-20,success
ORD1075,1835.7,2026-08-19,success
ORD1073,809.56,2026-08-04,success
ORD1027,2402.49,2026-08-09,success
ORD1079,1820.97,2026-08-25,success
ORD1078,858.57,2026-08-27,success
ORD1069,4211.71,2026-08-09,success
ORD1041,1994.79,2026-08-08,success
ORD1058,2965.82,2026-08-09,success
ORD1036,3276.62,2026-08-05,success
ORD1022,2021.39,2026-08-23,success
ORD1074,1718.15,2026-08-11,success
ORD1004,2225.22,2026-08-01,success
ORD1047,803.65,2026-08-18,success
ORD1053,2858.82,2026-08-19,success
ORD1049,4658.78,2026-08-09,success
ORD1054,540.77,2026-08-21,success
ORD1025,517.71,2026-08-21,success
ORD1009,2228.55,2026-08-09,success
ORD1018,2376.37,2026-08-12,success
ORD1001,3269.25,2026-08-03,success
ORD1075,1835.7,2026-08-19,success
ORD1059,2153.89,2026-08-04,success
ORD1008,4085.27,2026-08-01,success
ORD1077,720.31,2026-08-27,success
ORD1055,523.52,2026-08-03,success
ORD1014,1607.26,2026-08-23,success
ORD1023,1254.15,2026-08-11,success
ORD1033,2046.88,2026-08-21,success
ORD1031,636.37,2026-08-02,success
ORD1050,2115.16,2026-08-22,success
ORD1042,4627.68,2026-08-03,success
ORD1057,1228.34,2026-08-07,success
ORD1024,4144.65,2026-08-12,success
ORD1005,1316.77,2026-08-20,success
ORD1073,809.56,2026-08-04,success
ORD1015,1935.85,2026-08-09,success
ORD1030,1252.74,2026-08-07,success
ORD1029,3006.01,2026-08-20,success
ORD1043,2545.31,2026-08-05,success
ORD1067,1458.69,2026-08-06,success
ORD1012,1469.7,2026-08-04,success
ORD1019,1905.3,2026-08-11,success
ORD1021,2763.87,2026-08-08,success
ORD1051,4518.15,2026-08-15,success
ORD1026,1220.61,2026-08-17,success
ORD1007,2213.7,2026-08-17,success
ORD1002,1375.48,2026-08-07,success
ORD1017,4305.53,2026-08-05,success
ORD1071,1597.27,2026-08-17,success
ORD1006,1154.42,2026-08-23,success
ORD1010,4794.62,2026-08-11,success
ORD1076,359.26,2026-08-17,success
ORD1013,2773.89,2026-08-13,success
ORD1038,1464.27,2026-08-17,success
